configuration,context_tokens,concurrency,decode_tps,decode_tps_min,decode_tps_max,decode_tps_samples,effective_input_tps,effective_input_tps_min,effective_input_tps_max,effective_input_tps_samples,ttft_seconds,ttft_seconds_min,ttft_seconds_max,ttft_seconds_samples,aggregate_tps,aggregate_tps_min,aggregate_tps_max,aggregate_tps_samples
previous,20000,1,86.96540930896485,85.77264729203387,88.97491182433573,3,880.5486096548959,877.7396849673581,880.8676574194022,3,22.71953758399468,22.711206082996796,22.791358167,3,29.52272284007506,29.32586022498376,29.667473614348243,3
previous,20000,2,47.627001188521284,26.91203016666751,78.18738558502297,6,660.4461681644375,439.9420429582446,880.5039234019506,6,34.0647145624971,22.71572170800937,45.47236762501416,6,33.65412880431758,33.59444486674294,34.236241960638466,3
previous,40000,1,78.87473965630612,73.78784219970501,85.0776170934881,3,785.6647819935214,785.6571549357179,786.491832377624,3,50.92377383299754,50.87029837499722,50.924036750002415,3,15.977316714370918,15.695722318312253,16.20225066982998,3
previous,40000,2,34.94201205027094,14.797171861960335,65.11706804541917,6,588.808095646807,392.3111886396826,785.79418998661,6,76.42790931249328,50.91294233399094,101.98009112500586,6,17.129875341677042,16.923669632424062,17.206144507248386,3
previous,60000,1,71.87936955472732,69.98438306700837,82.32310408075313,3,706.7181434590469,706.7077619660739,706.7418088420632,3,84.91503512499912,84.91206599998986,84.91715799999656,3,10.296694561244765,10.25584225501521,10.486471867535226,3
previous,60000,2,31.332321196094384,9.786802573964007,52.87783981822476,2,529.0359754503024,351.5068687173549,706.5650821832501,2,127.8228100414999,84.92103862500517,170.72458145799465,2,10.756182615558833,10.756182615558833,10.756182615558833,1
previous,80000,1,75.66081922651657,75.66081922651657,75.66081922651657,1,634.4817508413986,634.4817508413986,634.4817508413986,1,126.10839174999273,126.10839174999273,126.10839174999273,1,7.316677919534768,7.316677919534768,7.316677919534768,1
previous,80000,2,30.446619726107098,6.648388056682099,54.244851395532095,2,470.97612061637614,308.0331148896836,633.9191263430687,2,192.97771631250362,126.2027400000079,259.7526926249993,2,7.3026293789640775,7.3026293789640775,7.3026293789640775,1
previous,100000,1,64.01531111080412,64.01531111080412,64.01531111080412,1,556.352096312675,556.352096312675,556.352096312675,1,179.76315037500171,179.76315037500171,179.76315037500171,1,5.221322918170606,5.221322918170606,5.221322918170606,1
previous,100000,2,27.132578941617506,4.991858276515914,49.2732996067191,2,416.1910077348716,275.9998527242326,556.3821627455106,2,271.03167362500244,179.73688287500408,362.3264643750008,2,5.317752908744552,5.317752908744552,5.317752908744552,1
previous,128000,1,50.455131612061024,50.455131612061024,50.455131612061024,1,482.35452604138237,482.35452604138237,482.35452604138237,1,265.3980874580011,265.3980874580011,265.3980874580011,1,3.5796394667368783,3.5796394667368783,3.5796394667368783,1
previous,128000,2,21.536481821773343,3.5419828869296572,39.530980756617026,2,361.621964104792,241.26960859491473,481.9743196146693,2,398.0849588545025,265.57887408399256,530.5910436250124,2,3.6776651841373056,3.6776651841373056,3.6776651841373056,1
updated,20000,1,88.3903953454779,88.3903953454779,88.3903953454779,1,969.1081239556482,969.1081239556482,969.1081239556482,1,20.637864999996964,20.637864999996964,20.637864999996964,1,31.735749185239648,31.735749185239648,31.735749185239648,1
updated,20000,2,55.69268302983577,32.674083396102105,78.71128266356943,2,659.8882564494713,434.46327464672584,885.3132382522167,2,34.3128042499884,22.59139616700122,46.034212332975585,2,34.656022492209345,34.656022492209345,34.656022492209345,1
updated,40000,1,90.1642817645092,90.1642817645092,90.1642817645092,1,888.6500493771075,888.6500493771075,888.6500493771075,1,45.0127748750383,45.0127748750383,45.0127748750383,1,18.147287666554327,18.147287666554327,18.147287666554327,1
updated,40000,2,42.52511981290665,18.911651189156427,66.13858843665687,2,608.0746214790896,398.75400074546377,817.3952422127155,2,74.62499841698445,48.93671954202,100.3132772919489,2,17.67421391601701,17.67421391601701,17.67421391601701,1
updated,60000,1,76.52071480196159,76.52071480196159,76.52071480196159,1,817.106716979275,817.106716979275,817.106716979275,1,73.43092199997045,73.43092199997045,73.43092199997045,1,11.784471437032776,11.784471437032776,11.784471437032776,1
updated,60000,2,42.84510442112455,13.621947098500389,72.06826174374872,2,563.0393751349288,370.7311251300491,755.3476251398087,2,120.64107110447367,79.43861799995648,161.84352420899086,2,11.62675478414672,11.62675478414672,11.62675478414672,1
updated,80000,1,70.83135023255774,70.83135023255774,70.83135023255774,1,758.828132685381,758.828132685381,758.828132685381,1,105.42676150001353,105.42676150001353,105.42676150001353,1,8.535379379351772,8.535379379351772,8.535379379351772,1
updated,80000,2,40.42414573052018,13.387825505734474,67.46046595530589,2,529.867503258897,353.90799586544983,705.8270106523443,2,169.69651439599693,113.34369112498825,226.0493376670056,2,8.486229801764482,8.486229801764482,8.486229801764482,1
updated,100000,1,63.609900730125204,63.609900730125204,63.609900730125204,1,706.3036111093152,706.3036111093152,706.3036111093152,1,141.58335479197558,141.58335479197558,141.58335479197558,1,6.488915563565122,6.488915563565122,6.488915563565122,1
updated,100000,2,63.592531693961604,59.380860064299476,67.80420332362372,2,519.4422701151321,332.7191584888819,706.1653817413824,2,221.08305879149702,141.61088983301306,300.555227749981,2,6.485152780111592,6.485152780111592,6.485152780111592,1
updated,128000,1,50.250635894892376,50.250635894892376,50.250635894892376,1,644.7273132607821,644.7273132607821,644.7273132607821,1,198.5349238330382,198.5349238330382,198.5349238330382,1,4.675283197351444,4.675283197351444,4.675283197351444,1
updated,128000,2,55.1042972575996,52.83729529002623,57.37129922517296,2,476.1549417437396,307.26937448045726,645.0405090070219,2,307.5072440204967,198.43940724997083,416.57508079102263,2,4.712564277570578,4.712564277570578,4.712564277570578,1
